    领域名称,PR平均时长(天)
ai-proj-123,6.2
kubernetes-proj-456,3.8
react-proj-789,1.8
python-backend-proj-321,3.2
mysql-proj-654,2.9
devops-ci-cd-proj-987,1.5
iot-arduino-proj-234,1.3
flutter-proj-567,1.9
big-data-spark-proj-890,3.5
cybersecurity-proj-112,6.8
ml-deep-learning-proj-223,6.5
docker-proj-334,3.3
vue-proj-445,1.7
go-backend-proj-556,3.0
mongodb-proj-667,2.7
terraform-proj-778,1.4
raspberry-pi-proj-889,1.2
ios-proj-990,2.0
tensorflow-proj-101,7.2
penetration-testing-proj-202,6.4
llm-proj-303,7.5
microservices-proj-404,3.1
angular-proj-505,1.8
rust-proj-606,2.8
redis-proj-707,2.6
ansible-proj-808,1.5
embedded-proj-909,1.2
android-proj-121,2.1
hadoop-proj-232,3.4
encryption-proj-343,6.6
serverless-proj-454,3.2
svelte-proj-565,1.6
java-backend-proj-676,2.9
postgres-proj-787,2.8
prometheus-proj-898,1.4
iot-proj-901,1.3
react-native-proj-113,1.9
data-science-proj-224,3.3
security-proj-335,6.9
cloud-native-proj-446,3.6
web-frontend-proj-557,1.7
backend-proj-668,3.0
database-proj-779,2.7
ci-cd-proj-880,1.3
mobile-proj-991,2.0
big-data-proj-102,3.5
ai-proj-213,6.3
kubernetes-proj-324,3.9
react-proj-435,1.8
python-proj-546,3.1
mysql-proj-657,2.9
devops-proj-768,1.5
iot-proj-879,1.2
flutter-proj-980,2.0
spark-proj-191,3.6
cyber-proj-202,6.5
ml-proj-313,6.7
docker-proj-424,3.2
vue-proj-535,1.7
go-proj-646,2.9
mongodb-proj-757,2.6
terraform-proj-868,1.4
raspberry-proj-979,1.2
ios-proj-89,1.9
tensorflow-proj-190,7.3
pen-test-proj-201,6.2
llm-proj-312,7.4
microservices-proj-423,3.0
angular-proj-534,1.8
rust-proj-645,2.8
redis-proj-756,2.5
ansible-proj-867,1.5
embedded-proj-978,1.2
android-proj-89,2.1
hadoop-proj-190,3.3
encryption-proj-201,6.7
serverless-proj-312,3.1
svelte-proj-423,1.6
java-proj-534,2.8
postgres-proj-645,2.7
prometheus-proj-756,1.4
iot-proj-867,1.3
react-native-proj-978,1.9
data-science-proj-89,3.2
security-proj-190,7.0
cloud-native-proj-201,3.7
web-frontend-proj-312,1.7
backend-proj-423,2.9
database-proj-534,2.6
ci-cd-proj-645,1.3
mobile-proj-756,2.0
big-data-proj-867,3.4
ai-proj-978,6.4
kubernetes-proj-189,3.8
react-proj-290,1.8
python-proj-301,3.0
mysql-proj-412,2.8
devops-proj-523,1.5
iot-proj-634,1.2
flutter-proj-745,1.9
spark-proj-856,3.5
cyber-proj-967,6.6