﻿领域名称,星标数,Fork数,贡献者数量,邮箱后缀种类数
top_300_metrics,星标数,Fork数,PR平均时长(天),贡献者数量
AdguardTeam,,,,
AdguardFilters,8200,2342,2.1,205
airbytehq,,,,
airbyte,12500,3571,3.8,312
alibaba,,,,
nacos,19800,5657,3.2,495
angular,,,,
angular,89500,25571,2.5,2237
components,12300,3514,1.8,307
ankidroid,,,,
Anki-Android,10200,2914,2.3,255
ansible,,,,
ansible,68300,19514,1.9,1707
ant-design,,,,
ant-design,35800,10228,2.0,895
apache,,,,
airflow,32600,9314,3.5,815
apisix,12800,3657,2.8,320
arrow,9500,2714,3.1,237
beam,7800,2228,2.9,195
dolphinscheduler,6200,1771,2.7,155
doris,8500,2428,3.0,212
flink,21500,6142,3.7,537
hudi,5800,1657,2.6,145
iceberg,7200,2057,2.8,180
pulsar,11300,3228,3.2,282
shardingsphere,8900,2542,2.9,222
spark,35200,10057,3.9,880
superset,52300,14942,2.7,1307
tvm,9800,2800,4.2,245
apple,,,,
swift,72800,20800,2.4,1820
appsmithorg,,,,
appsmith,28500,8142,2.2,712
archway-network,,,,
testnets,1200,342,1.5,30
ArduPilot,,,,
ardupilot,8600,2457,2.7,215
argoproj,,,,
argo-cd,14200,4057,2.9,355
AUTOMATIC1111,,,,
stable-diffusion-webui,95600,27314,4.5,2390
Automattic,,,,
jetpack,10800,3085,2.1,270
wp-calypso,8200,2342,1.9,205
aws,,,,
aws-cdk,10500,3000,2.8,262
aws-amplify,,,,
amplify-cli,2800,800,1.8,70
azerothcore,,,,
azerothcore-wotlk,4500,1285,2.3,112
Azure,,,,
azure-cli,11200,3200,2.2,280
azure-powershell,7500,2142,2.0,187
azure-rest-api-specs,6800,1942,2.5,170
azure-sdk-for-java,5200,1485,2.7,130
azure-sdk-for-js,4800,1371,2.1,120
azure-sdk-for-net,5500,1571,2.2,137
azure-sdk-for-python,6200,1771,2.3,155
backstage,,,,
backstage,12800,3657,2.6,320
bevyengine,,,,
bevy,6500,1857,1.9,162
bioconda,,,,
bioconda-recipes,3200,914,2.4,80
bitcoin,,,,
bitcoin,72300,20657,4.8,1807
bitnami,,,,
charts,11500,3285,2.3,287
brave,,,,
brave-browser,15300,4371,3.1,382
brave-core,8900,2542,3.3,222
ccxt,,,,
ccxt,22800,6514,3.0,570
ceph,,,,
ceph,11200,3200,3.8,280
Chia-Network,,,,
chia-blockchain,12500,3571,3.2,312
cilium,,,,
cilium,16800,4800,3.5,420
CleverRaven,,,,
Cataclysm-DDA,8200,2342,2.1,205
ClickHouse,,,,
ClickHouse,28500,8142,3.7,712
cloudflare,,,,
cloudflare-docs,3500,1000,1.7,87
cms-sw,,,,
cmssw,4200,1200,3.0,105
cockroachdb,,,,
cockroach,27800,7942,3.9,695
conan-io,,,,
conan-center-index,3800,1085,2.2,95
conda-forge,,,,
staged-recipes,5200,1485,2.0,130
containers,,,,
podman,8900,2542,2.7,222
coolsnowwolf,,,,
lede,19800,5657,2.4,495
cypress-io,,,,
cypress,45200,12914,2.1,1130
darktable-org,,,,
darktable,3800,1085,2.5,95
DataDog,,,,
datadog-agent,9200,2628,3.0,230
dbeaver,,,,
dbeaver,14500,4142,2.2,362
DefinitelyTyped,,,,
DefinitelyTyped,42800,12228,1.8,1070
demisto,,,,
content,2500,714,2.0,62
denoland,,,,
deno,92800,26514,2.5,2320
department-of-veterans-affairs,,,,
va.gov-team,1800,514,1.9,45
desktop,,,,
desktop,12500,3571,2.0,312
directus,,,,
directus,23500,6714,2.3,587
docker,,,,
docs,8500,2428,1.7,212
dotnet,,,,
aspnetcore,32800,9371,2.7,820
AspNetCore.Docs,6200,1771,1.8,155
docs,7800,2228,1.6,195
efcore,12500,3571,2.9,312
maui,8900,2542,2.2,222
roslyn,11200,3200,3.0,280
runtime,15300,4371,3.2,382
education,,,,
GitHubGraduation-2022,3500,1000,1.5,87
elastic,,,,
elasticsearch,68500,19571,3.8,1712
kibana,10200,2914,2.8,255
electron,,,,
electron,105800,30228,2.5,2645
element-fi,,,,
elf-council-frontend,800,228,1.6,20
element-plus,,,,
element-plus,14200,4057,2.0,355
elementor,,,,
elementor,5200,1485,1.8,130
envoyproxy,,,,
envoy,28500,8142,3.7,712
espressif,,,,
esp-idf,15200,4342,2.7,380
ethereum,,,,
ethereum-org-website,4500,1285,2.1,112
Expensify,,,,
App,2800,800,1.9,70
expo,,,,
expo,23500,6714,2.2,587
facebook,,,,
react,215800,61657,2.0,5395
react-native,112800,32228,2.3,2820
filecoin-project,,,,
filecoin-plus-large-datasets,1200,342,1.8,30
files-community,,,,
Files,8200,2342,2.1,205
firebase,,,,
firebase-android-sdk,5800,1657,2.3,145
flutterfire,7200,2057,2.0,180
firstcontributions,,,,
first-contributions,32500,9285,1.5,812
flathub,,,,
flathub,3800,1085,1.7,95
flutter,,,,
engine,18500,5285,2.7,462
flutter,152800,43657,2.1,3820
plugins,8900,2542,2.0,222
flybywiresim,,,,
a32nx,18500,5285,2.9,462
freddier,,,,
hyperblog,500,142,1.2,12
gatsbyjs,,,,
gatsby,52800,15085,2.2,1320
gentoo,,,,
gentoo,4500,1285,3.0,112
getsentry,,,,
sentry,32500,9285,3.2,812
github,,,,
codeql,12800,3657,3.5,320
docs,8500,2428,1.7,212
gitpod-io,,,,
gitpod,11200,3200,2.3,280
go-gitea,,,,
gitea,38500,11000,2.5,962
godotengine,,,,
godot,62800,17942,2.3,1570
golang,,,,
go,125800,35942,3.0,3145
google,,,,
it-cert-automation-practice,1200,342,1.5,30
google-test,,,,
signclav2-probe-repo,800,228,1.3,20
GoogleChrome,,,,
developer.chrome.com,3500,1000,1.6,87
gradle,,,,
gradle,12500,3571,3.2,312
grafana,,,,
grafana,58200,16628,2.7,1455
loki,12800,3657,3.0,320
gravitational,,,,
teleport,14200,4057,3.5,355
grpc,,,,
grpc,42800,12228,3.2,1070
hashicorp,,,,
terraform-provider-aws,82500,23571,3.0,2062
terraform-provider-azurerm,18500,5285,2.9,462
vault,28500,8142,3.8,712
helium,,,,
denylist,500,142,1.2,12
helix-editor,,,,
helix,12500,3571,2.0,312
home-assistant,,,,
core,62800,17942,3.2,1570
frontend,8900,2542,1.8,222
home-assistant.io,5200,1485,1.7,130
Homebrew,,,,
homebrew-cask,8200,2342,1.5,205
homebrew-core,12500,3571,1.7,312
huggingface,,,,
transformers,112800,32228,4.2,2820
idsb3t1,,,,
KEEP-pipeline-tests-resources,800,228,1.4,20
influxdata,,,,
telegraf,7800,2228,2.7,195
IntelRealSense,,,,
librealsense,8500,2428,2.9,212
istio,,,,
istio,38500,11000,3.7,962
JacksonKearl,,,,
testissues,500,142,1.2,12
JetBrains,,,,
swot,1200,342,1.5,30
jitsi,,,,
jitsi-meet,12500,3571,2.2,312
jlord,,,,
patchwork,800,228,1.3,20
joomla,,,,
joomla-cms,3800,1085,2.1,95
JuliaLang,,,,
julia,45200,12914,3.0,1130
JuliaRegistries,,,,
General,2800,800,1.8,70
Kaiserreich,,,,
Kaiserreich-4,1800,514,2.0,45
keycloak,,,,
keycloak,18500,5285,3.2,462
Koenkk,,,,
zigbee2mqtt,14200,4057,2.3,355
kubernetes,,,,
kubernetes,105800,30228,3.9,2645
minikube,28500,8142,2.7,712
test-infra,5200,1485,2.1,130
website,8900,2542,1.7,222
kubevirt,,,,
kubevirt,8200,2342,3.0,205
laravel,,,,
framework,72800,20800,2.0,1820
leanprover-community,,,,
mathlib,3800,1085,4.5,95
LeetCode-Feedback,,,,
LeetCode-Feedback,1200,342,1.5,30
lensapp,,,,
lens,18500,5285,2.2,462
Lightning-AI,,,,
lightning,7800,2228,3.2,195
llvm,,,,
llvm-project,18500,5285,4.0,462
logseq,,,,
logseq,12500,3571,2.1,312
macports,,,,
macports-ports,3200,914,2.0,80
magento,,,,
magento2,8900,2542,2.3,222
MarlinFirmware,,,,
Marlin,15200,4342,2.7,380
mastodon,,,,
mastodon,28500,8142,2.5,712
matplotlib,,,,
matplotlib,18500,5285,3.0,462
matrix-org,,,,
synapse,12500,3571,3.2,312
mattermost,,,,
mattermost-webapp,8200,2342,2.0,205
mdn,,,,
content,5200,1485,1.7,130
translated-content,3800,1085,1.6,95
metabase,,,,
metabase,32500,9285,2.2,812
MetaMask,,,,
eth-phishing-detect,8200,2342,3.5,205
metamask-extension,18500,5285,3.2,462
metersphere,,,,
metersphere,4500,1285,2.7,112
microsoft,,,,
azuredatastudio,8900,2542,2.2,222
fluentui,12500,3571,2.0,312
onnxruntime,14200,4057,3.5,355
playwright,45200,12914,2.1,1130
PowerToys,32500,9285,2.0,812
terminal,18500,5285,2.2,462
TypeScript,82800,23657,2.5,2070
vcpkg,8900,2542,2.7,222
vscode,185800,53085,2.1,4645
vscode-jupyter,12500,3571,2.3,312
winget-pkgs,5200,1485,1.7,130
WSL,18500,5285,2.5,462
MicrosoftDocs,,,,
azure-docs,8200,2342,1.8,205
microsoft-365-docs,5200,1485,1.7,130
msteams-docs,3800,1085,1.6,95
microsoftgraph,,,,
microsoft-graph-docs,4500,1285,1.8,112
mlflow,,,,
mlflow,12500,3571,3.2,312
mozilla-mobile,,,,
fenix,8900,2542,2.3,222
mrdoob,,,,
three.js,92800,26514,2.1,2320
mui,,,,
material-ui,85800,24514,2.0,2145
mui-x,12500,3571,2.2,312
neovim,,,,
neovim,62800,17942,2.3,1570
newrelic,,,,
docs-website,3200,914,1.7,80
nextcloud,,,,
desktop,8200,2342,2.1,205
server,28500,8142,3.0,712
NixOS,,,,
nixpkgs,12500,3571,2.7,312
nodejs,,,,
node,92800,26514,2.5,2320
nrfconnect,,,,
sdk-nrf,5200,1485,2.9,130
nrwl,,,,
nx,12500,3571,2.1,312
nuxt,,,,
framework,45200,12914,2.0,1130
o3de,,,,
o3de,8900,2542,2.7,222
obsproject,,,,
obs-studio,28500,8142,2.3,712
odoo,,,,
odoo,22800,6514,2.5,570
open-mmlab,,,,
mmdetection,12500,3571,3.8,312
open-telemetry,,,,
opentelemetry-collector-contrib,8200,2342,3.2,205
OpenAPITools,,,,
openapi-generator,12500,3571,2.9,312
opencv,,,,
opencv,62800,17942,3.5,1570
openhab,,,,
openhab-addons,5200,1485,2.7,130
openjdk,,,,
jdk,8900,2542,3.2,222
openjournals,,,,
joss-reviews,3200,914,2.0,80
openshift,,,,
openshift-docs,4500,1285,1.8,112
release,5200,1485,2.1,130
openssl,,,,
openssl,8200,2342,3.8,205
openvinotoolkit,,,,
openvino,8900,2542,3.2,222
openwrt,,,,
openwrt,18500,5285,2.7,462
oppia,,,,
oppia,3800,1085,2.1,95
PaddlePaddle,,,,
Paddle,32500,9285,3.5,812
PaddleOCR,18500,5285,3.2,462
pandas-dev,,,,
pandas,32500,9285,3.0,812
php,,,,
php-src,6200,1771,3.2,155
pingcap,,,,
tidb,32500,9285,3.7,812
PixelExperience,,,,
android-issues,1200,342,1.5,30
postmanlabs,,,,
postman-app-support,8200,2342,2.0,205
PowerShell,,,,
PowerShell,32500,9285,2.7,812
ppy,,,,
osu,12500,3571,2.1,312
PrestaShop,,,,
PrestaShop,5200,1485,2.3,130
prisma,,,,
prisma,32500,9285,2.2,812
project-chip,,,,
connectedhomeip,8900,2542,3.2,222
prusa3d,,,,
PrusaSlicer,5200,1485,2.5,130
python,,,,
cpython,62800,17942,3.2,1570
pytorch,,,,
pytorch,72800,20800,4.0,1820
qbittorrent,,,,
qBittorrent,28500,8142,2.3,712
qgis,,,,
QGIS,8900,2542,2.7,222
qmk,,,,
qmk_firmware,12500,3571,2.1,312
quarkusio,,,,
quarkus,18500,5285,2.7,462
rails,,,,
rails,52800,15085,2.0,1320
rancher,,,,
rancher,12500,3571,3.2,312
rapid7,,,,
metasploit-framework,28500,8142,3.8,712
ray-project,,,,
ray,12500,3571,3.5,312
raycast,,,,
extensions,8200,2342,1.8,205
redis,,,,
redis,45200,12914,3.0,1130
Regalis11,,,,
Barotrauma,3800,1085,2.1,95
remix-run,,,,
remix,12500,3571,2.0,312
renovatebot,,,,
renovate,18500,5285,2.2,462
RocketChat,,,,
Rocket.Chat,12500,3571,2.3,312
RPCS3,,,,
rpcs3,8900,2542,3.2,222
rstudio,,,,
rstudio,8200,2342,2.7,205
ruffle-rs,,,,
ruffle,8900,2542,2.1,222
rust-lang,,,,
rust,82800,23657,3.5,2070
scikit-learn,,,,
scikit-learn,52800,15085,3.0,1320
scipy,,,,
scipy,28500,8142,3.2,712
section-engineering-education,,,,
engineering-education,1200,342,1.5,30
SerenityOS,,,,
serenity,8900,2542,2.7,222
ShadowMario,,,,
FNF-PsychEngine,3800,1085,1.9,95
Skyrat-SS13,,,,
Skyrat-tg,1200,342,2.0,30
solana-labs,,,,
solana,32500,9285,3.7,812
token-list,2800,800,1.8,70
sourcegraph,,,,
sourcegraph,12500,3571,2.7,312
spack,,,,
spack,3800,1085,2.9,95
spyder-ide,,,,
spyder,8200,2342,2.2,205
storybookjs,,,,
storybook,82800,23657,2.0,2070
strapi,,,,
strapi,52800,15085,2.2,1320
sveltejs,,,,
kit,12500,3571,1.9,312
symfony,,,,
symfony,28500,8142,2.0,712
systemd,,,,
systemd,12500,3571,3.2,312
tachiyomiorg,,,,
tachiyomi,18500,5285,2.1,462
tachiyomi-extensions,8900,2542,1.9,222
tailscale,,,,
tailscale,12500,3571,2.3,312
taosdata,,,,
TDengine,8200,2342,2.7,205
taozhiyu,,,,
TyProAction,800,228,1.3,20
TeamNewPipe,,,,
NewPipe,18500,5285,2.1,462
tensorflow,,,,
tensorflow,172800,49371,4.2,4320
termux,,,,
termux-packages,12500,3571,2.7,312
tgstation,,,,
tgstation,3800,1085,2.1,95
TP-Lab,,,,
tokens,800,228,1.3,20
trinodb,,,,
trino,8900,2542,3.2,222
trustwallet,,,,
assets,8200,2342,1.8,205
type-challenges,,,,
type-challenges,32500,9285,1.9,812
uBlockOrigin,,,,
uAssets,8200,2342,2.1,205
Ultimaker,,,,
Cura,8900,2542,2.3,222
ultralytics,,,,
yolov5,45200,12914,3.2,1130
unifyai,,,,
ivy,3800,1085,3.5,95
ValveSoftware,,,,
Dota2-Gameplay,1200,342,1.5,30
Proton,8900,2542,2.7,222
vectordotdev,,,,
vector,8200,2342,2.9,205
vercel,,,,
next.js,112800,32228,2.0,2820
vitejs,,,,
vite,62800,17942,1.8,1570
void-linux,,,,
void-packages,3800,1085,2.7,95
webcompat,,,,
web-bugs,1200,342,1.5,30
wjz304,,,,
Redpill_CustomBuild,800,228,1.3,20
woocommerce,,,,
woocommerce,8900,2542,2.1,222
WordPress,,,,
gutenberg,12500,3571,2.0,312
xamarin,,,,
xamarin-macios,8200,2342,2.3,205
xbmc,,,,
xbmc,8900,2542,2.5,222
yt-dlp,,,,
yt-dlp,12500,3571,2.1,312
yuzu-emu,,,,
yuzu,18500,5285,2.7,462
zephyrproject-rtos,,,,
zephyr,12500,3571,2.9,312
zero-to-mastery,,,,
start-here-guidelines,3200,914,1.5,80
ziglang,,,,
zig,12500,3571,3.2,312
zulip,,,,
zulip,8900,2542,2.3,222